Local time,Open,High,Low,Close,Volume
31.12.2021 03:00:00.000 GMT+0300,1.13219,1.13863,1.13032,1.13667,48312.0703
01.01.2022 03:00:00.000 GMT+0300,1.13667,1.13667,1.13667,1.13667,0
02.01.2022 03:00:00.000 GMT+0300,1.13690,1.13782,1.13649,1.13727,2816.3684
03.01.2022 03:00:00.000 GMT+0300,1.13726,1.13755,1.12797,1.13017,83782.2031
04.01.2022 03:00:00.000 GMT+0300,1.13016,1.13224,1.12721,1.12827,101693.5781
05.01.2022 03:00:00.000 GMT+0300,1.12826,1.13463,1.12769,1.13105,97800.3516
06.01.2022 03:00:00.000 GMT+0300,1.13104,1.13318,1.12845,1.12949,108688.4531
07.01.2022 03:00:00.000 GMT+0300,1.12947,1.13647,1.12899,1.13593,83255.7344
08.01.2022 03:00:00.000 GMT+0300,1.13593,1.13593,1.13593,1.13593,0
09.01.2022 03:00:00.000 GMT+0300,1.13515,1.13602,1.13497,1.13534,4986.0581
10.01.2022 03:00:00.000 GMT+0300,1.13533,1.13580,1.12847,1.13299,88736.6328
11.01.2022 03:00:00.000 GMT+0300,1.13297,1.13752,1.13130,1.13658,67545.0313
12.01.2022 03:00:00.000 GMT+0300,1.13657,1.14526,1.13547,1.14394,79072.8047
13.01.2022 03:00:00.000 GMT+0300,1.14393,1.14817,1.14357,1.14564,72076.1719
14.01.2022 03:00:00.000 GMT+0300,1.14564,1.14827,1.13984,1.14090,75134.1016
15.01.2022 03:00:00.000 GMT+0300,1.14090,1.14090,1.14090,1.14090,0
16.01.2022 03:00:00.000 GMT+0300,1.14118,1.14156,1.14056,1.14112,2648.6001
17.01.2022 03:00:00.000 GMT+0300,1.14111,1.14344,1.13917,1.14100,48767.2852
18.01.2022 03:00:00.000 GMT+0300,1.14099,1.14214,1.13146,1.13286,89386.6328
19.01.2022 03:00:00.000 GMT+0300,1.13289,1.13571,1.13187,1.13429,71207.7578
20.01.2022 03:00:00.000 GMT+0300,1.13427,1.13688,1.13031,1.13128,76293.3125
21.01.2022 03:00:00.000 GMT+0300,1.13129,1.13596,1.13009,1.13418,70294.9297
22.01.2022 03:00:00.000 GMT+0300,1.13418,1.13418,1.13418,1.13418,0
23.01.2022 03:00:00.000 GMT+0300,1.13396,1.13450,1.13365,1.13409,3555.8401
24.01.2022 03:00:00.000 GMT+0300,1.13410,1.13410,1.12904,1.13236,101149.5469
25.01.2022 03:00:00.000 GMT+0300,1.13235,1.13240,1.12631,1.13028,82894.3125
26.01.2022 03:00:00.000 GMT+0300,1.13028,1.13107,1.12354,1.12405,103115.8516
27.01.2022 03:00:00.000 GMT+0300,1.12405,1.12432,1.11312,1.11445,107559.7031
28.01.2022 03:00:00.000 GMT+0300,1.11446,1.11735,1.11213,1.11450,107494.8203
29.01.2022 03:00:00.000 GMT+0300,1.11450,1.11450,1.11450,1.11450,0
30.01.2022 03:00:00.000 GMT+0300,1.11422,1.11524,1.11380,1.11519,2783.23
31.01.2022 03:00:00.000 GMT+0300,1.11519,1.12478,1.11440,1.12292,97010.7891
01.02.2022 03:00:00.000 GMT+0300,1.12293,1.12786,1.12209,1.12730,86148.9375
02.02.2022 03:00:00.000 GMT+0300,1.12728,1.13300,1.12665,1.12992,69272.6641
03.02.2022 03:00:00.000 GMT+0300,1.12992,1.14514,1.12672,1.14355,130913.4688
04.02.2022 03:00:00.000 GMT+0300,1.14352,1.14837,1.14115,1.14477,104207.6328
05.02.2022 03:00:00.000 GMT+0300,1.14477,1.14477,1.14477,1.14477,0
06.02.2022 03:00:00.000 GMT+0300,1.14638,1.14646,1.14513,1.14544,2999.3899
07.02.2022 03:00:00.000 GMT+0300,1.14545,1.14587,1.14151,1.14410,89963.8672
08.02.2022 03:00:00.000 GMT+0300,1.14411,1.14487,1.13961,1.14205,76737.4609
09.02.2022 03:00:00.000 GMT+0300,1.14208,1.14477,1.14024,1.14211,67298.4922
10.02.2022 03:00:00.000 GMT+0300,1.14211,1.14948,1.13748,1.14112,119376.6875
11.02.2022 03:00:00.000 GMT+0300,1.14110,1.14180,1.13296,1.13463,131907.9531
12.02.2022 03:00:00.000 GMT+0300,1.13463,1.13463,1.13463,1.13463,0
13.02.2022 03:00:00.000 GMT+0300,1.13369,1.13672,1.13365,1.13643,11039.1738
14.02.2022 03:00:00.000 GMT+0300,1.13642,1.13690,1.12799,1.13056,119558.1328
15.02.2022 03:00:00.000 GMT+0300,1.13057,1.13681,1.13031,1.13551,93222.8281
16.02.2022 03:00:00.000 GMT+0300,1.13550,1.13957,1.13449,1.13728,86250.1484
17.02.2022 03:00:00.000 GMT+0300,1.13726,1.13860,1.13230,1.13637,120507.1563
18.02.2022 03:00:00.000 GMT+0300,1.13636,1.13769,1.13140,1.13203,84897.6484
19.02.2022 03:00:00.000 GMT+0300,1.13203,1.13203,1.13203,1.13203,0
20.02.2022 03:00:00.000 GMT+0300,1.13186,1.13253,1.13131,1.13164,4043.8445
21.02.2022 03:00:00.000 GMT+0300,1.13170,1.13905,1.12963,1.13092,78902.1719
22.02.2022 03:00:00.000 GMT+0300,1.13092,1.13667,1.12880,1.13287,110971.4297
23.02.2022 03:00:00.000 GMT+0300,1.13286,1.13588,1.13001,1.13053,70139.2656
24.02.2022 03:00:00.000 GMT+0300,1.13055,1.13060,1.11062,1.11905,224361.4844
25.02.2022 03:00:00.000 GMT+0300,1.11906,1.12739,1.11659,1.12719,142601.25
26.02.2022 03:00:00.000 GMT+0300,1.12719,1.12719,1.12719,1.12719,0
27.02.2022 03:00:00.000 GMT+0300,1.11237,1.11882,1.11225,1.11800,27451.5293
28.02.2022 03:00:00.000 GMT+0300,1.11801,1.12464,1.11421,1.12141,172332.2031
01.03.2022 03:00:00.000 GMT+0300,1.12140,1.12329,1.10896,1.11322,142121.0313
02.03.2022 03:00:00.000 GMT+0300,1.11321,1.11437,1.10573,1.11123,167074.1563
03.03.2022 03:00:00.000 GMT+0300,1.11119,1.11152,1.10334,1.10656,108914.7109
04.03.2022 03:00:00.000 GMT+0300,1.10656,1.10665,1.08856,1.09311,160056.4063
05.03.2022 03:00:00.000 GMT+0300,1.09311,1.09311,1.09311,1.09311,0
06.03.2022 03:00:00.000 GMT+0300,1.09199,1.09287,1.08634,1.08736,11048
07.03.2022 03:00:00.000 GMT+0300,1.08734,1.09325,1.08059,1.08660,240241.0469
08.03.2022 03:00:00.000 GMT+0300,1.08660,1.09582,1.08489,1.08978,204118.2031
09.03.2022 03:00:00.000 GMT+0300,1.08984,1.10951,1.08965,1.10733,137082.8125
10.03.2022 03:00:00.000 GMT+0300,1.10732,1.11212,1.09760,1.10133,176460.0781
11.03.2022 03:00:00.000 GMT+0300,1.10132,1.10435,1.09018,1.09099,170900.2813
12.03.2022 03:00:00.000 GMT+0300,1.09099,1.09099,1.09099,1.09099,0
13.03.2022 03:00:00.000 GMT+0300,1.09205,1.09387,1.09099,1.09316,10330.4258
14.03.2022 03:00:00.000 GMT+0300,1.09317,1.09938,1.09005,1.09426,193947.2188
15.03.2022 03:00:00.000 GMT+0300,1.09426,1.10196,1.09260,1.09667,230290.7813
16.03.2022 03:00:00.000 GMT+0300,1.09668,1.10466,1.09500,1.10214,247695.0625
17.03.2022 03:00:00.000 GMT+0300,1.10216,1.11375,1.10201,1.10990,156209.25
18.03.2022 03:00:00.000 GMT+0300,1.10991,1.11186,1.10030,1.10492,158708.7969
19.03.2022 03:00:00.000 GMT+0300,1.10492,1.10492,1.10492,1.10492,0
20.03.2022 03:00:00.000 GMT+0300,1.10561,1.10584,1.10408,1.10424,7806.0518
21.03.2022 03:00:00.000 GMT+0300,1.10423,1.10701,1.10102,1.10167,147074.5469
22.03.2022 03:00:00.000 GMT+0300,1.10166,1.10457,1.09608,1.10293,216645.2813
23.03.2022 03:00:00.000 GMT+0300,1.10296,1.10397,1.09639,1.10058,154713.3438
24.03.2022 03:00:00.000 GMT+0300,1.10058,1.10136,1.09659,1.10083,169420.2969
25.03.2022 03:00:00.000 GMT+0300,1.10086,1.10376,1.09797,1.09805,200813.5156
26.03.2022 03:00:00.000 GMT+0300,1.09805,1.09805,1.09805,1.09805,0
27.03.2022 03:00:00.000 GMT+0300,1.09845,1.09869,1.09772,1.09812,11802.0596
28.03.2022 03:00:00.000 GMT+0300,1.09814,1.09995,1.09446,1.09911,206053.0156
29.03.2022 03:00:00.000 GMT+0300,1.09911,1.11370,1.09690,1.10909,271959.375
30.03.2022 03:00:00.000 GMT+0300,1.10910,1.11710,1.10878,1.11613,275576.1563
31.03.2022 03:00:00.000 GMT+0300,1.11611,1.11848,1.10608,1.10726,186689.6563
01.04.2022 03:00:00.000 GMT+0300,1.10727,1.10757,1.10279,1.10427,185489.5156
02.04.2022 03:00:00.000 GMT+0300,1.10427,1.10427,1.10427,1.10427,0
03.04.2022 03:00:00.000 GMT+0300,1.10301,1.10456,1.10301,1.10454,3377.1189
04.04.2022 03:00:00.000 GMT+0300,1.10458,1.10544,1.09603,1.09749,91184.0469
05.04.2022 03:00:00.000 GMT+0300,1.09748,1.09886,1.09000,1.09058,84877.5938
06.04.2022 03:00:00.000 GMT+0300,1.09058,1.09379,1.08745,1.08975,131970.2969
07.04.2022 03:00:00.000 GMT+0300,1.08975,1.09383,1.08602,1.08640,183585.4219
08.04.2022 03:00:00.000 GMT+0300,1.08638,1.08917,1.08364,1.08744,114940.6484
09.04.2022 03:00:00.000 GMT+0300,1.08744,1.08744,1.08744,1.08744,0
10.04.2022 03:00:00.000 GMT+0300,1.09202,1.09202,1.08841,1.08841,10483.9941
11.04.2022 03:00:00.000 GMT+0300,1.08842,1.09332,1.08727,1.08769,133205.5938
12.04.2022 03:00:00.000 GMT+0300,1.08769,1.09036,1.08211,1.08260,232661.5469
13.04.2022 03:00:00.000 GMT+0300,1.08259,1.08973,1.08088,1.08950,219749.3125
14.04.2022 03:00:00.000 GMT+0300,1.08951,1.09233,1.07575,1.08209,290588.875
15.04.2022 03:00:00.000 GMT+0300,1.08211,1.08236,1.07964,1.08057,146622.2656
16.04.2022 03:00:00.000 GMT+0300,1.08057,1.08057,1.08057,1.08057,0
17.04.2022 03:00:00.000 GMT+0300,1.08029,1.08216,1.08009,1.08139,18369.9297
18.04.2022 03:00:00.000 GMT+0300,1.08138,1.08156,1.07698,1.07799,146901.7656
19.04.2022 03:00:00.000 GMT+0300,1.07799,1.08145,1.07610,1.07941,191619.2969
20.04.2022 03:00:00.000 GMT+0300,1.07942,1.08670,1.07838,1.08493,157752.5
21.04.2022 03:00:00.000 GMT+0300,1.08491,1.09362,1.08234,1.08349,245183.4375
22.04.2022 03:00:00.000 GMT+0300,1.08349,1.08515,1.07707,1.07947,212066.4844
23.04.2022 03:00:00.000 GMT+0300,1.07947,1.07947,1.07947,1.07947,0
24.04.2022 03:00:00.000 GMT+0300,1.08041,1.08153,1.07960,1.08093,13955.3555
25.04.2022 03:00:00.000 GMT+0300,1.08093,1.08119,1.06966,1.07124,287526.2813
26.04.2022 03:00:00.000 GMT+0300,1.07124,1.07386,1.06348,1.06424,228762
27.04.2022 03:00:00.000 GMT+0300,1.06425,1.06546,1.05145,1.05541,252843.8438
28.04.2022 03:00:00.000 GMT+0300,1.05541,1.05647,1.04710,1.05029,273854.3125
29.04.2022 03:00:00.000 GMT+0300,1.05032,1.05928,1.05019,1.05409,218584.7031
30.04.2022 03:00:00.000 GMT+0300,1.05409,1.05409,1.05409,1.05409,0
01.05.2022 03:00:00.000 GMT+0300,1.05444,1.05597,1.05343,1.05349,22358.041
02.05.2022 03:00:00.000 GMT+0300,1.05347,1.05682,1.04901,1.05096,249807.1094
03.05.2022 03:00:00.000 GMT+0300,1.05095,1.05776,1.04921,1.05251,218568.3125
04.05.2022 03:00:00.000 GMT+0300,1.05252,1.06309,1.05059,1.06202,310246.875
05.05.2022 03:00:00.000 GMT+0300,1.06206,1.06417,1.04925,1.05394,319134.6563
06.05.2022 03:00:00.000 GMT+0300,1.05394,1.05988,1.04826,1.05452,379182.0938
07.05.2022 03:00:00.000 GMT+0300,1.05452,1.05452,1.05452,1.05452,0
08.05.2022 03:00:00.000 GMT+0300,1.05398,1.05426,1.05307,1.05320,12168.6299
09.05.2022 03:00:00.000 GMT+0300,1.05319,1.05924,1.04951,1.05631,248349.1875
10.05.2022 03:00:00.000 GMT+0300,1.05633,1.05852,1.05253,1.05289,229402.8906
11.05.2022 03:00:00.000 GMT+0300,1.05289,1.05771,1.05017,1.05117,321295.2813
12.05.2022 03:00:00.000 GMT+0300,1.05116,1.05292,1.03539,1.03784,352489.0938
13.05.2022 03:00:00.000 GMT+0300,1.03783,1.04195,1.03496,1.04116,146726.0156
14.05.2022 03:00:00.000 GMT+0300,1.04116,1.04116,1.04116,1.04116,0
15.05.2022 03:00:00.000 GMT+0300,1.03952,1.04138,1.03906,1.03980,15217.8984
16.05.2022 03:00:00.000 GMT+0300,1.03984,1.04430,1.03889,1.04390,194208.2031
17.05.2022 03:00:00.000 GMT+0300,1.04390,1.05556,1.04318,1.05487,237872.2344
18.05.2022 03:00:00.000 GMT+0300,1.05485,1.05636,1.04597,1.04729,143223.4375
19.05.2022 03:00:00.000 GMT+0300,1.04729,1.06070,1.04650,1.05795,271508.5313
20.05.2022 03:00:00.000 GMT+0300,1.05795,1.05990,1.05328,1.05610,178569.4531
21.05.2022 03:00:00.000 GMT+0300,1.05610,1.05610,1.05610,1.05610,0
22.05.2022 03:00:00.000 GMT+0300,1.05601,1.05777,1.05552,1.05689,17368.3691
23.05.2022 03:00:00.000 GMT+0300,1.05688,1.06973,1.05679,1.06837,217196.7656
24.05.2022 03:00:00.000 GMT+0300,1.06836,1.07485,1.06608,1.07326,162452.1719
25.05.2022 03:00:00.000 GMT+0300,1.07326,1.07365,1.06421,1.06869,180347.0156
26.05.2022 03:00:00.000 GMT+0300,1.06866,1.07344,1.06624,1.07324,154686.4688
27.05.2022 03:00:00.000 GMT+0300,1.07324,1.07650,1.06968,1.07317,131310.9063
28.05.2022 03:00:00.000 GMT+0300,1.07317,1.07317,1.07317,1.07317,0
29.05.2022 03:00:00.000 GMT+0300,1.07347,1.07360,1.07261,1.07290,8193.3301
30.05.2022 03:00:00.000 GMT+0300,1.07291,1.07867,1.07267,1.07729,135166.8281
31.05.2022 03:00:00.000 GMT+0300,1.07731,1.07744,1.06789,1.07340,242933.9375
01.06.2022 03:00:00.000 GMT+0300,1.07340,1.07393,1.06271,1.06509,174077.8125
02.06.2022 03:00:00.000 GMT+0300,1.06509,1.07510,1.06447,1.07500,125109.1719
03.06.2022 03:00:00.000 GMT+0300,1.07500,1.07643,1.07040,1.07169,105040.3281
04.06.2022 03:00:00.000 GMT+0300,1.07169,1.07169,1.07169,1.07169,0
05.06.2022 03:00:00.000 GMT+0300,1.07167,1.07298,1.07117,1.07252,8368.6699
06.06.2022 03:00:00.000 GMT+0300,1.07254,1.07518,1.06838,1.06896,121397.7734
07.06.2022 03:00:00.000 GMT+0300,1.06896,1.07142,1.06519,1.06972,171174.4844
08.06.2022 03:00:00.000 GMT+0300,1.06975,1.07484,1.06713,1.07168,149952.6875
09.06.2022 03:00:00.000 GMT+0300,1.07168,1.07738,1.06110,1.06190,244857.2344
10.06.2022 03:00:00.000 GMT+0300,1.06190,1.06422,1.05057,1.05137,182108.0938
11.06.2022 03:00:00.000 GMT+0300,1.05137,1.05137,1.05137,1.05137,0
12.06.2022 03:00:00.000 GMT+0300,1.05130,1.05201,1.04861,1.04907,29199.9863
13.06.2022 03:00:00.000 GMT+0300,1.04907,1.04955,1.03997,1.04148,267660.375
14.06.2022 03:00:00.000 GMT+0300,1.04148,1.04846,1.03970,1.04367,254901.1875
15.06.2022 03:00:00.000 GMT+0300,1.04368,1.05077,1.03590,1.04573,389854.7188
16.06.2022 03:00:00.000 GMT+0300,1.04573,1.06014,1.03808,1.05464,331903.3438
17.06.2022 03:00:00.000 GMT+0300,1.05465,1.05520,1.04444,1.04934,272412.0625
18.06.2022 03:00:00.000 GMT+0300,1.04934,1.04934,1.04934,1.04934,0
19.06.2022 03:00:00.000 GMT+0300,1.04731,1.04926,1.04729,1.04898,6417.2319
20.06.2022 03:00:00.000 GMT+0300,1.04897,1.05458,1.04848,1.05172,158781.75
21.06.2022 03:00:00.000 GMT+0300,1.05173,1.05824,1.05131,1.05312,177035.0156
22.06.2022 03:00:00.000 GMT+0300,1.05311,1.06057,1.04687,1.05646,241049.0313
23.06.2022 03:00:00.000 GMT+0300,1.05646,1.05810,1.04826,1.05192,292499.4375
24.06.2022 03:00:00.000 GMT+0300,1.05192,1.05712,1.05120,1.05519,150660.5938
25.06.2022 03:00:00.000 GMT+0300,1.05519,1.05519,1.05519,1.05519,0
26.06.2022 03:00:00.000 GMT+0300,1.05479,1.05746,1.05457,1.05665,13871.3096
27.06.2022 03:00:00.000 GMT+0300,1.05665,1.06150,1.05502,1.05797,197796.9063
28.06.2022 03:00:00.000 GMT+0300,1.05797,1.06061,1.05032,1.05220,276169
29.06.2022 03:00:00.000 GMT+0300,1.05219,1.05354,1.04352,1.04456,304391.25
30.06.2022 03:00:00.000 GMT+0300,1.04456,1.04887,1.03824,1.04783,261501.5938
01.07.2022 03:00:00.000 GMT+0300,1.04783,1.04783,1.03658,1.04262,165758.9063
02.07.2022 03:00:00.000 GMT+0300,1.04262,1.04262,1.04262,1.04262,0
03.07.2022 03:00:00.000 GMT+0300,1.04174,1.04370,1.04142,1.04322,7595.9399
04.07.2022 03:00:00.000 GMT+0300,1.04322,1.04627,1.04170,1.04326,166751.0469
05.07.2022 03:00:00.000 GMT+0300,1.04325,1.04485,1.02350,1.02565,287939.8438
06.07.2022 03:00:00.000 GMT+0300,1.02564,1.02765,1.01614,1.01843,259766.9375
07.07.2022 03:00:00.000 GMT+0300,1.01841,1.02209,1.01439,1.01683,117532.0703
08.07.2022 03:00:00.000 GMT+0300,1.01682,1.01912,1.00720,1.01822,222545.8125
09.07.2022 03:00:00.000 GMT+0300,1.01822,1.01822,1.01822,1.01822,0
10.07.2022 03:00:00.000 GMT+0300,1.01697,1.01834,1.01648,1.01672,6178.7529
11.07.2022 03:00:00.000 GMT+0300,1.01674,1.01675,1.00336,1.00458,305613.4375
12.07.2022 03:00:00.000 GMT+0300,1.00456,1.00738,0.99999,1.00300,340173.6563
13.07.2022 03:00:00.000 GMT+0300,1.00300,1.01222,0.99979,1.00342,391916.125
14.07.2022 03:00:00.000 GMT+0300,1.00341,1.00503,0.99521,1.00263,482193.2813
15.07.2022 03:00:00.000 GMT+0300,1.00263,1.00979,1.00068,1.00821,251956.2656
16.07.2022 03:00:00.000 GMT+0300,1.00821,1.00821,1.00821,1.00821,0
17.07.2022 03:00:00.000 GMT+0300,1.00811,1.00978,1.00785,1.00972,7999.4902
18.07.2022 03:00:00.000 GMT+0300,1.00972,1.02011,1.00812,1.01463,227759.5156
19.07.2022 03:00:00.000 GMT+0300,1.01464,1.02690,1.01195,1.02307,284255.7188
20.07.2022 03:00:00.000 GMT+0300,1.02308,1.02729,1.01553,1.01807,216206.1875
21.07.2022 03:00:00.000 GMT+0300,1.01808,1.02781,1.01531,1.02200,297965.4375
22.07.2022 03:00:00.000 GMT+0300,1.02200,1.02553,1.01297,1.02119,322511.0313
23.07.2022 03:00:00.000 GMT+0300,1.02119,1.02119,1.02119,1.02119,0
24.07.2022 03:00:00.000 GMT+0300,1.02083,1.02185,1.01989,1.01991,15456.2305
25.07.2022 03:00:00.000 GMT+0300,1.01992,1.02578,1.01784,1.02229,311380.7813
26.07.2022 03:00:00.000 GMT+0300,1.02229,1.02500,1.01074,1.01285,262714.4063
27.07.2022 03:00:00.000 GMT+0300,1.01285,1.02206,1.00966,1.02052,253451.1563
28.07.2022 03:00:00.000 GMT+0300,1.02052,1.02343,1.01138,1.01918,307912.4688
29.07.2022 03:00:00.000 GMT+0300,1.01920,1.02542,1.01460,1.02248,420713.9063
30.07.2022 03:00:00.000 GMT+0300,1.02248,1.02248,1.02248,1.02248,0
31.07.2022 03:00:00.000 GMT+0300,1.02098,1.02240,1.02053,1.02102,22907.7871
01.08.2022 03:00:00.000 GMT+0300,1.02102,1.02751,1.02075,1.02627,531573.3125
02.08.2022 03:00:00.000 GMT+0300,1.02629,1.02939,1.01545,1.01563,646780.8125
03.08.2022 03:00:00.000 GMT+0300,1.01562,1.02102,1.01226,1.01565,615301.25
04.08.2022 03:00:00.000 GMT+0300,1.01563,1.02537,1.01542,1.02472,464582.0313
05.08.2022 03:00:00.000 GMT+0300,1.02472,1.02482,1.01415,1.01825,376920.3125
06.08.2022 03:00:00.000 GMT+0300,1.01825,1.01825,1.01825,1.01825,0
07.08.2022 03:00:00.000 GMT+0300,1.01726,1.01786,1.01691,1.01719,8896.79
08.08.2022 03:00:00.000 GMT+0300,1.01718,1.02217,1.01590,1.01978,229718.1094
09.08.2022 03:00:00.000 GMT+0300,1.01976,1.02472,1.01885,1.02079,248252.9844
10.08.2022 03:00:00.000 GMT+0300,1.02077,1.03685,1.02020,1.02986,430065.3438
11.08.2022 03:00:00.000 GMT+0300,1.02986,1.03642,1.02752,1.03203,481441.4375
12.08.2022 03:00:00.000 GMT+0300,1.03202,1.03251,1.02380,1.02590,399294.0938
13.08.2022 03:00:00.000 GMT+0300,1.02590,1.02590,1.02590,1.02590,0
14.08.2022 03:00:00.000 GMT+0300,1.02551,1.02629,1.02534,1.02534,14567.7803
15.08.2022 03:00:00.000 GMT+0300,1.02533,1.02682,1.01533,1.01613,402592.0625
16.08.2022 03:00:00.000 GMT+0300,1.01614,1.01948,1.01225,1.01694,420079.1563
17.08.2022 03:00:00.000 GMT+0300,1.01696,1.02029,1.01453,1.01773,433024
18.08.2022 03:00:00.000 GMT+0300,1.01774,1.01929,1.00795,1.00893,393070
19.08.2022 03:00:00.000 GMT+0300,1.00893,1.00954,1.00318,1.00326,371412.25
20.08.2022 03:00:00.000 GMT+0300,1.00326,1.00326,1.00326,1.00326,0
21.08.2022 03:00:00.000 GMT+0300,1.00366,1.00404,1.00302,1.00360,24606.2207
22.08.2022 03:00:00.000 GMT+0300,1.00361,1.00466,0.99260,0.99380,417896.6875
23.08.2022 03:00:00.000 GMT+0300,0.99381,1.00181,0.99002,0.99662,525663
24.08.2022 03:00:00.000 GMT+0300,0.99661,0.99993,0.99099,0.99677,470321.6563
25.08.2022 03:00:00.000 GMT+0300,0.99677,1.00334,0.99490,0.99706,498651.1563
26.08.2022 03:00:00.000 GMT+0300,0.99704,1.00898,0.99463,0.99623,418092.4375
27.08.2022 03:00:00.000 GMT+0300,0.99623,0.99623,0.99623,0.99623,0
28.08.2022 03:00:00.000 GMT+0300,0.99657,0.99670,0.99349,0.99359,27554.4805
29.08.2022 03:00:00.000 GMT+0300,0.99362,1.00291,0.99141,1.00107,408628.9375
30.08.2022 03:00:00.000 GMT+0300,1.00105,1.00547,0.99818,1.00234,539462.4375
31.08.2022 03:00:00.000 GMT+0300,1.00233,1.00790,0.99712,1.00380,558629.5
01.09.2022 03:00:00.000 GMT+0300,1.00380,1.00485,0.99107,0.99514,533883.5
02.09.2022 03:00:00.000 GMT+0300,0.99515,1.00335,0.99449,0.99515,537444.4375
03.09.2022 03:00:00.000 GMT+0300,0.99515,0.99515,0.99515,0.99515,0
04.09.2022 03:00:00.000 GMT+0300,0.99285,0.99347,0.99030,0.99077,31957.7324
05.09.2022 03:00:00.000 GMT+0300,0.99075,0.99518,0.98772,0.99500,392830.5625
06.09.2022 03:00:00.000 GMT+0300,0.99501,0.99862,0.98638,0.98970,611605.5
07.09.2022 03:00:00.000 GMT+0300,0.98971,1.00128,0.98756,0.99976,527865.875
08.09.2022 03:00:00.000 GMT+0300,0.99981,1.00294,0.99303,1.00097,512439.25
09.09.2022 03:00:00.000 GMT+0300,1.00096,1.01131,1.00083,1.00425,346953
10.09.2022 03:00:00.000 GMT+0300,1.00425,1.00425,1.00425,1.00425,0
11.09.2022 03:00:00.000 GMT+0300,1.01039,1.01039,1.00596,1.00702,23794.6797
12.09.2022 03:00:00.000 GMT+0300,1.00703,1.01977,1.00629,1.01290,387476.2813
13.09.2022 03:00:00.000 GMT+0300,1.01290,1.01870,0.99554,0.99778,549671.3125
14.09.2022 03:00:00.000 GMT+0300,0.99779,1.00234,0.99595,0.99820,635055.5625
15.09.2022 03:00:00.000 GMT+0300,0.99819,1.00177,0.99556,0.99874,491298.75
16.09.2022 03:00:00.000 GMT+0300,0.99876,1.00363,0.99448,1.00146,493561.875
17.09.2022 03:00:00.000 GMT+0300,1.00146,1.00146,1.00146,1.00146,0
18.09.2022 03:00:00.000 GMT+0300,1.00072,1.00285,1.00047,1.00220,18417.5
19.09.2022 03:00:00.000 GMT+0300,1.00219,1.00322,0.99657,1.00297,382032.5625
20.09.2022 03:00:00.000 GMT+0300,1.00297,1.00504,0.99550,0.99710,427114.375
21.09.2022 03:00:00.000 GMT+0300,0.99710,0.99750,0.98128,0.98313,652419.3125
22.09.2022 03:00:00.000 GMT+0300,0.98316,0.99074,0.98080,0.98383,784096.1875
23.09.2022 03:00:00.000 GMT+0300,0.98384,0.98517,0.96680,0.96885,704859.6875
24.09.2022 03:00:00.000 GMT+0300,0.96885,0.96885,0.96885,0.96885,0
25.09.2022 03:00:00.000 GMT+0300,0.96666,0.97098,0.96666,0.96855,33420.7891
26.09.2022 03:00:00.000 GMT+0300,0.96854,0.97013,0.95503,0.96200,1023484.5
27.09.2022 03:00:00.000 GMT+0300,0.96201,0.96707,0.95689,0.95953,687162.75
28.09.2022 03:00:00.000 GMT+0300,0.95953,0.97508,0.95357,0.97054,964531.1875
29.09.2022 03:00:00.000 GMT+0300,0.97055,0.98437,0.96353,0.98291,712696
30.09.2022 03:00:00.000 GMT+0300,0.98292,0.98537,0.97346,0.98013,555819.625
01.10.2022 03:00:00.000 GMT+0300,0.98013,0.98013,0.98013,0.98013,0
02.10.2022 03:00:00.000 GMT+0300,0.97933,0.98086,0.97891,0.97932,29276.6504
03.10.2022 03:00:00.000 GMT+0300,0.97931,0.98445,0.97525,0.98334,702902.125
04.10.2022 03:00:00.000 GMT+0300,0.98335,0.99995,0.98060,0.99836,585299
05.10.2022 03:00:00.000 GMT+0300,0.99839,0.99947,0.98346,0.99116,551133.75
06.10.2022 03:00:00.000 GMT+0300,0.99115,0.99264,0.97862,0.97888,715901
07.10.2022 03:00:00.000 GMT+0300,0.97888,0.98167,0.97259,0.97388,638962.3125
08.10.2022 03:00:00.000 GMT+0300,0.97388,0.97388,0.97388,0.97388,0
09.10.2022 03:00:00.000 GMT+0300,0.97336,0.97395,0.97274,0.97342,28964.6992
10.10.2022 03:00:00.000 GMT+0300,0.97343,0.97531,0.96815,0.97110,487474.8125
11.10.2022 03:00:00.000 GMT+0300,0.97112,0.97745,0.96698,0.97004,779376.8125
12.10.2022 03:00:00.000 GMT+0300,0.97004,0.97346,0.96678,0.97046,759747.5625
13.10.2022 03:00:00.000 GMT+0300,0.97046,0.98057,0.96315,0.97671,792624.0625
14.10.2022 03:00:00.000 GMT+0300,0.97669,0.98086,0.97070,0.97182,788521.125
15.10.2022 03:00:00.000 GMT+0300,0.97182,0.97182,0.97182,0.97182,0
16.10.2022 03:00:00.000 GMT+0300,0.97201,0.97430,0.97182,0.97395,33260.9219
17.10.2022 03:00:00.000 GMT+0300,0.97395,0.98520,0.97197,0.98435,640690.9375
18.10.2022 03:00:00.000 GMT+0300,0.98434,0.98755,0.98124,0.98625,706946.5
19.10.2022 03:00:00.000 GMT+0300,0.98625,0.98667,0.97571,0.97652,669104.5625
20.10.2022 03:00:00.000 GMT+0300,0.97653,0.98454,0.97544,0.97782,713252.75
21.10.2022 03:00:00.000 GMT+0300,0.97785,0.98689,0.97048,0.98613,880018.3125
22.10.2022 03:00:00.000 GMT+0300,0.98613,0.98613,0.98613,0.98613,0
23.10.2022 03:00:00.000 GMT+0300,0.98712,0.98990,0.98308,0.98595,85661.5391
24.10.2022 03:00:00.000 GMT+0300,0.98594,0.98935,0.98067,0.98842,871401.6875
25.10.2022 03:00:00.000 GMT+0300,0.98842,0.99768,0.98484,0.99616,672168.9375
26.10.2022 03:00:00.000 GMT+0300,0.99617,1.00934,0.99434,1.00932,653239.5
27.10.2022 03:00:00.000 GMT+0300,1.00932,1.00934,0.99575,0.99668,603275.375
28.10.2022 03:00:00.000 GMT+0300,0.99668,0.99980,0.99265,0.99631,611405
29.10.2022 03:00:00.000 GMT+0300,0.99631,0.99631,0.99631,0.99631,0
30.10.2022 03:00:00.000 GMT+0300,0.99464,0.99620,0.99454,0.99543,30263.8398
31.10.2022 03:00:00.000 GMT+0300,0.99543,0.99656,0.98717,0.98856,450843.4063
01.11.2022 03:00:00.000 GMT+0300,0.98856,0.99539,0.98527,0.98772,409025.5313
02.11.2022 03:00:00.000 GMT+0300,0.98772,0.99757,0.98098,0.98138,586630.625
03.11.2022 03:00:00.000 GMT+0300,0.98141,0.98394,0.97299,0.97488,594813.9375
04.11.2022 03:00:00.000 GMT+0300,0.97491,0.99664,0.97472,0.99560,635651.625
05.11.2022 03:00:00.000 GMT+0300,0.99560,0.99560,0.99560,0.99560,0
06.11.2022 03:00:00.000 GMT+0300,0.99036,0.99446,0.99001,0.99281,37536.4297
07.11.2022 03:00:00.000 GMT+0300,0.99282,1.00340,0.99175,1.00173,584552.5
08.11.2022 03:00:00.000 GMT+0300,1.00172,1.00963,0.99715,1.00804,524208.6563
09.11.2022 03:00:00.000 GMT+0300,1.00804,1.00880,0.99927,1.00190,619189.8125
10.11.2022 03:00:00.000 GMT+0300,1.00190,1.02218,0.99354,1.01914,702955.5
11.11.2022 03:00:00.000 GMT+0300,1.01915,1.03640,1.01630,1.03538,649651.6875
12.11.2022 03:00:00.000 GMT+0300,1.03538,1.03538,1.03538,1.03538,0
13.11.2022 03:00:00.000 GMT+0300,1.03354,1.03411,1.03141,1.03266,27155.2695
14.11.2022 03:00:00.000 GMT+0300,1.03266,1.03584,1.02713,1.03196,630287.875
15.11.2022 03:00:00.000 GMT+0300,1.03196,1.04808,1.02799,1.03572,858243.3125
16.11.2022 03:00:00.000 GMT+0300,1.03574,1.04384,1.03307,1.03932,830625.75
17.11.2022 03:00:00.000 GMT+0300,1.03933,1.04065,1.03051,1.03607,603557.25
18.11.2022 03:00:00.000 GMT+0300,1.03606,1.03959,1.03134,1.03235,532628.3125
19.11.2022 03:00:00.000 GMT+0300,1.03235,1.03235,1.03235,1.03235,0
20.11.2022 03:00:00.000 GMT+0300,1.03227,1.03330,1.03213,1.03304,17527.8594
21.11.2022 03:00:00.000 GMT+0300,1.03304,1.03327,1.02227,1.02450,569675.3125
22.11.2022 03:00:00.000 GMT+0300,1.02451,1.03106,1.02417,1.03104,496679.2188
23.11.2022 03:00:00.000 GMT+0300,1.03105,1.04191,1.02963,1.04175,598475.6875
24.11.2022 03:00:00.000 GMT+0300,1.04178,1.04484,1.03816,1.04074,449358.625
25.11.2022 03:00:00.000 GMT+0300,1.04074,1.04291,1.03546,1.03926,468115.5938
26.11.2022 03:00:00.000 GMT+0300,1.03926,1.03926,1.03926,1.03926,0
27.11.2022 03:00:00.000 GMT+0300,1.03716,1.03809,1.03653,1.03666,18148.3008
28.11.2022 03:00:00.000 GMT+0300,1.03667,1.04967,1.03300,1.03433,458326.0938
29.11.2022 03:00:00.000 GMT+0300,1.03432,1.03942,1.03188,1.03235,673293.75
30.11.2022 03:00:00.000 GMT+0300,1.03234,1.04299,1.02900,1.04229,746345.25
01.12.2022 03:00:00.000 GMT+0300,1.04228,1.05393,1.03929,1.05278,774293.625
02.12.2022 03:00:00.000 GMT+0300,1.05278,1.05448,1.04280,1.05325,680635.5625
03.12.2022 03:00:00.000 GMT+0300,1.05325,1.05325,1.05325,1.05325,0
04.12.2022 03:00:00.000 GMT+0300,1.05303,1.05436,1.05303,1.05433,17032.1699
05.12.2022 03:00:00.000 GMT+0300,1.05437,1.05948,1.04800,1.04963,572656.0625
06.12.2022 03:00:00.000 GMT+0300,1.04966,1.05326,1.04591,1.04671,607321.4375
07.12.2022 03:00:00.000 GMT+0300,1.04671,1.05496,1.04431,1.05117,590705.25
08.12.2022 03:00:00.000 GMT+0300,1.05118,1.05647,1.04895,1.05555,527450.375
09.12.2022 03:00:00.000 GMT+0300,1.05554,1.05881,1.05027,1.05316,507626.7188
10.12.2022 03:00:00.000 GMT+0300,1.05316,1.05316,1.05316,1.05316,0
11.12.2022 03:00:00.000 GMT+0300,1.05264,1.05372,1.05179,1.05209,12888.04
12.12.2022 03:00:00.000 GMT+0300,1.05209,1.05800,1.05057,1.05413,425951.125
13.12.2022 03:00:00.000 GMT+0300,1.05412,1.06731,1.05278,1.06242,501172.4063
14.12.2022 03:00:00.000 GMT+0300,1.06241,1.06950,1.06187,1.06757,535307.4375
15.12.2022 03:00:00.000 GMT+0300,1.06758,1.07361,1.05921,1.06385,538041.5625
16.12.2022 03:00:00.000 GMT+0300,1.06386,1.06630,1.05839,1.05839,457650.9375
17.12.2022 03:00:00.000 GMT+0300,1.05839,1.05839,1.05839,1.05839,0
18.12.2022 03:00:00.000 GMT+0300,1.05895,1.05959,1.05824,1.05842,23419.3301
19.12.2022 03:00:00.000 GMT+0300,1.05842,1.06578,1.05757,1.06121,351935.4063
20.12.2022 03:00:00.000 GMT+0300,1.06120,1.06584,1.05788,1.06250,590165
21.12.2022 03:00:00.000 GMT+0300,1.06250,1.06455,1.05901,1.06077,402207.9063
22.12.2022 03:00:00.000 GMT+0300,1.06077,1.06593,1.05730,1.06010,383312.4688
23.12.2022 03:00:00.000 GMT+0300,1.06010,1.06328,1.05867,1.06172,375076.9063
24.12.2022 03:00:00.000 GMT+0300,1.06172,1.06172,1.06172,1.06172,0
25.12.2022 03:00:00.000 GMT+0300,1.06114,1.06237,1.06064,1.06191,4623.6499
26.12.2022 03:00:00.000 GMT+0300,1.06196,1.06459,1.05979,1.06397,52254.7305
27.12.2022 03:00:00.000 GMT+0300,1.06398,1.06694,1.06113,1.06369,281483.9375
28.12.2022 03:00:00.000 GMT+0300,1.06369,1.06742,1.06065,1.06288,349688.4688
29.12.2022 03:00:00.000 GMT+0300,1.06287,1.06902,1.06109,1.06601,316411.3438
30.12.2022 03:00:00.000 GMT+0300,1.06602,1.07131,1.06385,1.07026,393454.3125
31.12.2022 03:00:00.000 GMT+0300,1.07026,1.07026,1.07026,1.07026,0
01.01.2023 03:00:00.000 GMT+0300,1.06970,1.07066,1.06788,1.07005,7410.3799
02.01.2023 03:00:00.000 GMT+0300,1.07007,1.07087,1.06499,1.06765,132616.0625
03.01.2023 03:00:00.000 GMT+0300,1.06764,1.06801,1.05194,1.05455,524145.7813
04.01.2023 03:00:00.000 GMT+0300,1.05453,1.06354,1.05450,1.06061,429927.25
05.01.2023 03:00:00.000 GMT+0300,1.06058,1.06314,1.05148,1.05208,455223.6563
06.01.2023 03:00:00.000 GMT+0300,1.05209,1.06480,1.04823,1.06413,432905.0313
07.01.2023 03:00:00.000 GMT+0300,1.06413,1.06413,1.06413,1.06413,0
08.01.2023 03:00:00.000 GMT+0300,1.06406,1.06628,1.06381,1.06627,14276.54
09.01.2023 03:00:00.000 GMT+0300,1.06628,1.07605,1.06513,1.07326,409019.0938
10.01.2023 03:00:00.000 GMT+0300,1.07324,1.07592,1.07119,1.07382,404914.7813
11.01.2023 03:00:00.000 GMT+0300,1.07383,1.07762,1.07254,1.07652,402476.8125
12.01.2023 03:00:00.000 GMT+0300,1.07652,1.08668,1.07297,1.08595,640656.875
13.01.2023 03:00:00.000 GMT+0300,1.08595,1.08679,1.07803,1.08302,480450.8438
14.01.2023 03:00:00.000 GMT+0300,1.08302,1.08302,1.08302,1.08302,0
15.01.2023 03:00:00.000 GMT+0300,1.08288,1.08350,1.08201,1.08225,12216.6201
16.01.2023 03:00:00.000 GMT+0300,1.08224,1.08741,1.08013,1.08294,296384.8438
17.01.2023 03:00:00.000 GMT+0300,1.08294,1.08693,1.07744,1.07893,489717.3125
18.01.2023 03:00:00.000 GMT+0300,1.07891,1.08873,1.07661,1.07972,365147.5938
19.01.2023 03:00:00.000 GMT+0300,1.07974,1.08398,1.07821,1.08333,211439.6563
20.01.2023 03:00:00.000 GMT+0300,1.08332,1.08587,1.08022,1.08549,156504.0469
21.01.2023 03:00:00.000 GMT+0300,1.08549,1.08549,1.08549,1.08549,0
22.01.2023 03:00:00.000 GMT+0300,1.08678,1.08696,1.08611,1.08643,11689.1875
23.01.2023 03:00:00.000 GMT+0300,1.08639,1.09267,1.08461,1.08711,177250
24.01.2023 03:00:00.000 GMT+0300,1.08711,1.08978,1.08349,1.08897,320408.125
25.01.2023 03:00:00.000 GMT+0300,1.08899,1.09236,1.08571,1.09206,390895.75
26.01.2023 03:00:00.000 GMT+0300,1.09206,1.09293,1.08505,1.08930,370194.0938
27.01.2023 03:00:00.000 GMT+0300,1.08930,1.09001,1.08377,1.08649,300754.2813
28.01.2023 03:00:00.000 GMT+0300,1.08649,1.08649,1.08649,1.08649,0
29.01.2023 03:00:00.000 GMT+0300,1.08643,1.08724,1.08595,1.08717,3631.5601
30.01.2023 03:00:00.000 GMT+0300,1.08718,1.09137,1.08389,1.08499,208046.3438
31.01.2023 03:00:00.000 GMT+0300,1.08500,1.08747,1.08019,1.08606,309289.7188
01.02.2023 03:00:00.000 GMT+0300,1.08605,1.10327,1.08520,1.10124,460773.5625
02.02.2023 03:00:00.000 GMT+0300,1.10123,1.10266,1.08851,1.09043,479788.5938
03.02.2023 03:00:00.000 GMT+0300,1.09044,1.09399,1.07924,1.07929,509132.0625
04.02.2023 03:00:00.000 GMT+0300,1.07929,1.07929,1.07929,1.07929,0
05.02.2023 03:00:00.000 GMT+0300,1.07820,1.07981,1.07817,1.07891,17048.2754
06.02.2023 03:00:00.000 GMT+0300,1.07890,1.07987,1.07092,1.07289,367723.5
07.02.2023 03:00:00.000 GMT+0300,1.07288,1.07664,1.06690,1.07301,497537.75
08.02.2023 03:00:00.000 GMT+0300,1.07303,1.07607,1.07092,1.07151,341167.375
09.02.2023 03:00:00.000 GMT+0300,1.07152,1.07907,1.07093,1.07390,344332.6875
10.02.2023 03:00:00.000 GMT+0300,1.07391,1.07525,1.06661,1.06754,401909.4063
11.02.2023 03:00:00.000 GMT+0300,1.06754,1.06754,1.06754,1.06754,0
12.02.2023 03:00:00.000 GMT+0300,1.06808,1.06821,1.06708,1.06771,9208.8496
13.02.2023 03:00:00.000 GMT+0300,1.06771,1.07322,1.06553,1.07308,316037.4375
14.02.2023 03:00:00.000 GMT+0300,1.07308,1.08044,1.07066,1.07350,544867.5
15.02.2023 03:00:00.000 GMT+0300,1.07351,1.07443,1.06604,1.06912,441191.375
16.02.2023 03:00:00.000 GMT+0300,1.06913,1.07222,1.06544,1.06653,451026.125
17.02.2023 03:00:00.000 GMT+0300,1.06653,1.06982,1.06126,1.06929,406117.0625
18.02.2023 03:00:00.000 GMT+0300,1.06929,1.06929,1.06929,1.06929,0
19.02.2023 03:00:00.000 GMT+0300,1.06849,1.06933,1.06822,1.06838,16735.3203
20.02.2023 03:00:00.000 GMT+0300,1.06840,1.07044,1.06701,1.06821,221425.5156
21.02.2023 03:00:00.000 GMT+0300,1.06821,1.06980,1.06372,1.06512,444103.5
22.02.2023 03:00:00.000 GMT+0300,1.06513,1.06638,1.05989,1.06053,374775.4688
23.02.2023 03:00:00.000 GMT+0300,1.06053,1.06275,1.05769,1.05972,380038.875
24.02.2023 03:00:00.000 GMT+0300,1.05973,1.06141,1.05359,1.05450,468216.375
25.02.2023 03:00:00.000 GMT+0300,1.05450,1.05450,1.05450,1.05450,0
26.02.2023 03:00:00.000 GMT+0300,1.05451,1.05550,1.05439,1.05533,6401.7402
27.02.2023 03:00:00.000 GMT+0300,1.05533,1.06198,1.05328,1.06094,331453.5938
28.02.2023 03:00:00.000 GMT+0300,1.06094,1.06451,1.05726,1.05766,316241.1875
01.03.2023 03:00:00.000 GMT+0300,1.05767,1.06913,1.05651,1.06684,463407.2188
02.03.2023 03:00:00.000 GMT+0300,1.06684,1.06726,1.05764,1.05983,431361.3125
03.03.2023 03:00:00.000 GMT+0300,1.05982,1.06384,1.05882,1.06337,363851.5313
04.03.2023 03:00:00.000 GMT+0300,1.06337,1.06337,1.06337,1.06337,0
05.03.2023 03:00:00.000 GMT+0300,1.06228,1.06288,1.06228,1.06254,8875.9697
06.03.2023 03:00:00.000 GMT+0300,1.06255,1.06942,1.06219,1.06854,333209.2813
07.03.2023 03:00:00.000 GMT+0300,1.06853,1.06943,1.05460,1.05481,464536.9688
08.03.2023 03:00:00.000 GMT+0300,1.05482,1.05738,1.05241,1.05488,401590.9375
09.03.2023 03:00:00.000 GMT+0300,1.05488,1.05910,1.05378,1.05856,361174.1875
10.03.2023 03:00:00.000 GMT+0300,1.05855,1.07004,1.05738,1.06387,574189
11.03.2023 03:00:00.000 GMT+0300,1.06387,1.06387,1.06387,1.06387,0
12.03.2023 03:00:00.000 GMT+0300,1.06808,1.07030,1.06740,1.06810,47134.832
13.03.2023 03:00:00.000 GMT+0300,1.06811,1.07484,1.06500,1.07228,757345.0625
14.03.2023 03:00:00.000 GMT+0300,1.07228,1.07494,1.06787,1.07267,579266.375
15.03.2023 03:00:00.000 GMT+0300,1.07267,1.07597,1.05158,1.05814,683847.125
16.03.2023 03:00:00.000 GMT+0300,1.05814,1.06353,1.05510,1.06135,609332.75
17.03.2023 03:00:00.000 GMT+0300,1.06136,1.06852,1.06116,1.06647,329402.5938
18.03.2023 03:00:00.000 GMT+0300,1.06647,1.06647,1.06647,1.06647,0
19.03.2023 03:00:00.000 GMT+0300,1.06885,1.06886,1.06661,1.06804,12101.3604
20.03.2023 03:00:00.000 GMT+0300,1.06806,1.07309,1.06311,1.07185,483794.4375
21.03.2023 03:00:00.000 GMT+0300,1.07185,1.07886,1.07038,1.07727,397985.6875
22.03.2023 03:00:00.000 GMT+0300,1.07725,1.09124,1.07590,1.08688,459070.9688
23.03.2023 03:00:00.000 GMT+0300,1.08689,1.09296,1.08240,1.08345,524225.7188
24.03.2023 03:00:00.000 GMT+0300,1.08347,1.08370,1.07131,1.07566,537575.125
25.03.2023 03:00:00.000 GMT+0300,1.07566,1.07566,1.07566,1.07566,0
26.03.2023 03:00:00.000 GMT+0300,1.07752,1.07798,1.07648,1.07776,17995.0605
27.03.2023 03:00:00.000 GMT+0300,1.07775,1.08076,1.07449,1.08062,334577.4375
28.03.2023 03:00:00.000 GMT+0300,1.08061,1.08485,1.08033,1.08388,332271.4063
29.03.2023 03:00:00.000 GMT+0300,1.08390,1.08713,1.08177,1.08425,306759.3125
30.03.2023 03:00:00.000 GMT+0300,1.08424,1.09262,1.08235,1.09041,286139.3125
31.03.2023 03:00:00.000 GMT+0300,1.09040,1.09257,1.08368,1.08386,347826.25
01.04.2023 03:00:00.000 GMT+0300,1.08386,1.08386,1.08386,1.08386,0
02.04.2023 03:00:00.000 GMT+0300,1.08398,1.08440,1.08011,1.08023,19590.8691
03.04.2023 03:00:00.000 GMT+0300,1.08024,1.09165,1.07882,1.09066,337520.0938
04.04.2023 03:00:00.000 GMT+0300,1.09067,1.09733,1.08828,1.09575,373178.8438
05.04.2023 03:00:00.000 GMT+0300,1.09576,1.09695,1.08910,1.09029,337709.9375
06.04.2023 03:00:00.000 GMT+0300,1.09029,1.09375,1.08845,1.09194,275627.9375
07.04.2023 03:00:00.000 GMT+0300,1.09195,1.09240,1.08762,1.09029,82552.2734
08.04.2023 03:00:00.000 GMT+0300,1.09029,1.09029,1.09029,1.09029,0
09.04.2023 03:00:00.000 GMT+0300,1.08980,1.09134,1.08980,1.09129,9989.5098
10.04.2023 03:00:00.000 GMT+0300,1.09132,1.09171,1.08313,1.08687,209433.8125
11.04.2023 03:00:00.000 GMT+0300,1.08687,1.09279,1.08670,1.09163,296045.2813
12.04.2023 03:00:00.000 GMT+0300,1.09163,1.10004,1.09147,1.09968,333075.875
13.04.2023 03:00:00.000 GMT+0300,1.09967,1.10676,1.09767,1.10516,295949.25
14.04.2023 03:00:00.000 GMT+0300,1.10517,1.10758,1.09722,1.09922,339943.4375
15.04.2023 03:00:00.000 GMT+0300,1.09922,1.09922,1.09922,1.09922,0
16.04.2023 03:00:00.000 GMT+0300,1.09888,1.09942,1.09832,1.09843,10756.2305
17.04.2023 03:00:00.000 GMT+0300,1.09844,1.09997,1.09091,1.09244,292665.3125
18.04.2023 03:00:00.000 GMT+0300,1.09245,1.09828,1.09222,1.09748,287247.3438
19.04.2023 03:00:00.000 GMT+0300,1.09749,1.09840,1.09172,1.09516,313160.7188
20.04.2023 03:00:00.000 GMT+0300,1.09517,1.09895,1.09334,1.09676,336195.0938
21.04.2023 03:00:00.000 GMT+0300,1.09676,1.09936,1.09380,1.09874,323575.0313
22.04.2023 03:00:00.000 GMT+0300,1.09874,1.09874,1.09874,1.09874,0
23.04.2023 03:00:00.000 GMT+0300,1.09913,1.09962,1.09864,1.09916,10191.6104
24.04.2023 03:00:00.000 GMT+0300,1.09916,1.10570,1.09658,1.10570,295865.9688
25.04.2023 03:00:00.000 GMT+0300,1.10573,1.10670,1.09641,1.09779,344205.7813
26.04.2023 03:00:00.000 GMT+0300,1.09778,1.10952,1.09683,1.10450,394510.6875
27.04.2023 03:00:00.000 GMT+0300,1.10450,1.10634,1.09920,1.10315,345804.1563
28.04.2023 03:00:00.000 GMT+0300,1.10315,1.10449,1.09624,1.10144,413651.9063
29.04.2023 03:00:00.000 GMT+0300,1.10144,1.10144,1.10144,1.10144,0
30.04.2023 03:00:00.000 GMT+0300,1.10240,1.10270,1.10100,1.10105,12342.7998
01.05.2023 03:00:00.000 GMT+0300,1.10106,1.10355,1.09643,1.09687,245771.4531
02.05.2023 03:00:00.000 GMT+0300,1.09687,1.10137,1.09422,1.10107,354493.8438
03.05.2023 03:00:00.000 GMT+0300,1.10110,1.10916,1.10048,1.10685,406548.625
04.05.2023 03:00:00.000 GMT+0300,1.10686,1.10917,1.09860,1.10229,451732.5938
05.05.2023 03:00:00.000 GMT+0300,1.10229,1.10477,1.09667,1.10162,331816.4375
06.05.2023 03:00:00.000 GMT+0300,1.10162,1.10162,1.10162,1.10162,0
07.05.2023 03:00:00.000 GMT+0300,1.10209,1.10228,1.10141,1.10181,11067.4697
08.05.2023 03:00:00.000 GMT+0300,1.10182,1.10535,1.09953,1.09965,248384.2656
09.05.2023 03:00:00.000 GMT+0300,1.09962,1.10007,1.09410,1.09645,276978.9063
10.05.2023 03:00:00.000 GMT+0300,1.09644,1.10068,1.09414,1.09824,322000.3125
11.05.2023 03:00:00.000 GMT+0300,1.09826,1.09981,1.09000,1.09122,366860.1563
12.05.2023 03:00:00.000 GMT+0300,1.09122,1.09354,1.08476,1.08477,269783.3438
13.05.2023 03:00:00.000 GMT+0300,1.08477,1.08477,1.08477,1.08477,0
14.05.2023 03:00:00.000 GMT+0300,1.08610,1.08618,1.08453,1.08527,7661.46
15.05.2023 03:00:00.000 GMT+0300,1.08526,1.08908,1.08480,1.08735,266445.8125
16.05.2023 03:00:00.000 GMT+0300,1.08736,1.09046,1.08550,1.08653,328214
17.05.2023 03:00:00.000 GMT+0300,1.08653,1.08736,1.08102,1.08378,327769.9375
18.05.2023 03:00:00.000 GMT+0300,1.08377,1.08479,1.07624,1.07749,315434.6563
19.05.2023 03:00:00.000 GMT+0300,1.07749,1.08287,1.07600,1.08019,358651.875
20.05.2023 03:00:00.000 GMT+0300,1.08019,1.08019,1.08019,1.08019,0
21.05.2023 03:00:00.000 GMT+0300,1.08043,1.08241,1.08043,1.08218,8384.0898
22.05.2023 03:00:00.000 GMT+0300,1.08219,1.08313,1.07955,1.08104,337025.5
23.05.2023 03:00:00.000 GMT+0300,1.08105,1.08204,1.07601,1.07691,330235.0625
24.05.2023 03:00:00.000 GMT+0300,1.07690,1.08012,1.07421,1.07555,385449.875
25.05.2023 03:00:00.000 GMT+0300,1.07556,1.07556,1.07073,1.07234,357658.4688
26.05.2023 03:00:00.000 GMT+0300,1.07233,1.07585,1.07018,1.07227,330324.4688
27.05.2023 03:00:00.000 GMT+0300,1.07227,1.07227,1.07227,1.07227,0
28.05.2023 03:00:00.000 GMT+0300,1.07201,1.07292,1.07158,1.07214,11618.8301
29.05.2023 03:00:00.000 GMT+0300,1.07214,1.07434,1.07054,1.07067,140625.7188
30.05.2023 03:00:00.000 GMT+0300,1.07067,1.07465,1.06725,1.07316,333132.2813
31.05.2023 03:00:00.000 GMT+0300,1.07316,1.07356,1.06352,1.06933,330368.625
01.06.2023 03:00:00.000 GMT+0300,1.06934,1.07684,1.06617,1.07604,336325.0313
02.06.2023 03:00:00.000 GMT+0300,1.07603,1.07789,1.07050,1.07063,292329.0938
03.06.2023 03:00:00.000 GMT+0300,1.07063,1.07063,1.07063,1.07063,0
04.06.2023 03:00:00.000 GMT+0300,1.07098,1.07107,1.06937,1.06967,12345.9004
05.06.2023 03:00:00.000 GMT+0300,1.06970,1.07224,1.06744,1.07113,254750.2813
06.06.2023 03:00:00.000 GMT+0300,1.07112,1.07328,1.06669,1.06984,241590.1563
07.06.2023 03:00:00.000 GMT+0300,1.06985,1.07396,1.06682,1.07069,250364.9531
08.06.2023 03:00:00.000 GMT+0300,1.07070,1.07869,1.07009,1.07818,255503.2813
09.06.2023 03:00:00.000 GMT+0300,1.07819,1.07850,1.07428,1.07456,223916.5625
10.06.2023 03:00:00.000 GMT+0300,1.07456,1.07456,1.07456,1.07456,0
11.06.2023 03:00:00.000 GMT+0300,1.07459,1.07515,1.07431,1.07499,6871.1699
12.06.2023 03:00:00.000 GMT+0300,1.07499,1.07900,1.07330,1.07622,261315.7031
13.06.2023 03:00:00.000 GMT+0300,1.07621,1.08234,1.07591,1.07895,300967.2813
14.06.2023 03:00:00.000 GMT+0300,1.07896,1.08640,1.07739,1.08427,306830.875
15.06.2023 03:00:00.000 GMT+0300,1.08427,1.09525,1.08036,1.09455,317371.6875
16.06.2023 03:00:00.000 GMT+0300,1.09455,1.09704,1.09178,1.09376,291957.1875
17.06.2023 03:00:00.000 GMT+0300,1.09376,1.09376,1.09376,1.09376,0
18.06.2023 03:00:00.000 GMT+0300,1.09302,1.09429,1.09301,1.09397,7841.8599
19.06.2023 03:00:00.000 GMT+0300,1.09398,1.09462,1.09070,1.09235,197192.7813
20.06.2023 03:00:00.000 GMT+0300,1.09234,1.09461,1.08921,1.09198,343024.1563
21.06.2023 03:00:00.000 GMT+0300,1.09197,1.09923,1.09058,1.09915,352557.2188
22.06.2023 03:00:00.000 GMT+0300,1.09916,1.10122,1.09485,1.09554,332281.5
23.06.2023 03:00:00.000 GMT+0300,1.09555,1.09585,1.08443,1.08905,340811.4688
24.06.2023 03:00:00.000 GMT+0300,1.08905,1.08905,1.08905,1.08905,0
25.06.2023 03:00:00.000 GMT+0300,1.09042,1.09070,1.08978,1.09062,15091.8496
26.06.2023 03:00:00.000 GMT+0300,1.09064,1.09200,1.08873,1.09099,265861.9688
27.06.2023 03:00:00.000 GMT+0300,1.09097,1.09766,1.09021,1.09575,333943.9688
28.06.2023 03:00:00.000 GMT+0300,1.09574,1.09621,1.08968,1.09151,345603.6875
29.06.2023 03:00:00.000 GMT+0300,1.09151,1.09414,1.08601,1.08673,345963.0625
30.06.2023 03:00:00.000 GMT+0300,1.08673,1.09317,1.08352,1.09095,361727.7188
01.07.2023 03:00:00.000 GMT+0300,1.09095,1.09095,1.09095,1.09095,0
02.07.2023 03:00:00.000 GMT+0300,1.09094,1.09130,1.09064,1.09075,8639.25
03.07.2023 03:00:00.000 GMT+0300,1.09075,1.09339,1.08702,1.09128,282266.2188
04.07.2023 03:00:00.000 GMT+0300,1.09127,1.09163,1.08768,1.08824,164440.125
05.07.2023 03:00:00.000 GMT+0300,1.08827,1.09078,1.08509,1.08551,288019.5938
06.07.2023 03:00:00.000 GMT+0300,1.08554,1.09006,1.08337,1.08896,399617.5
07.07.2023 03:00:00.000 GMT+0300,1.08895,1.09731,1.08669,1.09646,357005.6563
08.07.2023 03:00:00.000 GMT+0300,1.09646,1.09646,1.09646,1.09646,0
09.07.2023 03:00:00.000 GMT+0300,1.09593,1.09697,1.09563,1.09669,12034.0996
10.07.2023 03:00:00.000 GMT+0300,1.09670,1.10058,1.09434,1.10052,306352.9063
11.07.2023 03:00:00.000 GMT+0300,1.10053,1.10269,1.09768,1.10136,304282.1875
12.07.2023 03:00:00.000 GMT+0300,1.10137,1.11405,1.10119,1.11405,368371.0313
13.07.2023 03:00:00.000 GMT+0300,1.11406,1.12296,1.11298,1.12234,356645.9375
14.07.2023 03:00:00.000 GMT+0300,1.12235,1.12448,1.12041,1.12235,334041.75
15.07.2023 03:00:00.000 GMT+0300,1.12235,1.12235,1.12235,1.12235,0
16.07.2023 03:00:00.000 GMT+0300,1.12284,1.12340,1.12232,1.12273,9704.0195
17.07.2023 03:00:00.000 GMT+0300,1.12271,1.12487,1.12033,1.12373,216791.0938
18.07.2023 03:00:00.000 GMT+0300,1.12374,1.12756,1.12089,1.12281,349562.375
19.07.2023 03:00:00.000 GMT+0300,1.12282,1.12400,1.11742,1.12049,334472.5313
20.07.2023 03:00:00.000 GMT+0300,1.12048,1.12291,1.11184,1.11344,312279.4375
21.07.2023 03:00:00.000 GMT+0300,1.11345,1.11449,1.11079,1.11244,266379.375
22.07.2023 03:00:00.000 GMT+0300,1.11244,1.11244,1.11244,1.11244,0
23.07.2023 03:00:00.000 GMT+0300,1.11197,1.11321,1.11197,1.11243,6832.9399
24.07.2023 03:00:00.000 GMT+0300,1.11244,1.11469,1.10597,1.10630,328370.875
25.07.2023 03:00:00.000 GMT+0300,1.10630,1.10868,1.10207,1.10499,305316.9688
26.07.2023 03:00:00.000 GMT+0300,1.10500,1.11066,1.10377,1.10779,358697.375
27.07.2023 03:00:00.000 GMT+0300,1.10778,1.11496,1.09658,1.09781,479071.7813
28.07.2023 03:00:00.000 GMT+0300,1.09780,1.10475,1.09435,1.10125,430192.0625
29.07.2023 03:00:00.000 GMT+0300,1.10125,1.10125,1.10125,1.10125,0
30.07.2023 03:00:00.000 GMT+0300,1.10206,1.10282,1.10095,1.10238,8122.8599
31.07.2023 03:00:00.000 GMT+0300,1.10239,1.10458,1.09931,1.09966,302688.875
01.08.2023 03:00:00.000 GMT+0300,1.09967,1.10192,1.09523,1.10075,308942.3438
02.08.2023 03:00:00.000 GMT+0300,1.10078,1.10080,1.09178,1.09435,372278.6563
03.08.2023 03:00:00.000 GMT+0300,1.09433,1.09628,1.09122,1.09510,397523.6563
04.08.2023 03:00:00.000 GMT+0300,1.09509,1.10419,1.09349,1.10029,349194.5313
05.08.2023 03:00:00.000 GMT+0300,1.10029,1.10029,1.10029,1.10029,0
06.08.2023 03:00:00.000 GMT+0300,1.10141,1.10151,1.10010,1.10024,12282.9902
07.08.2023 03:00:00.000 GMT+0300,1.10024,1.10117,1.09654,1.10026,229154.2969
08.08.2023 03:00:00.000 GMT+0300,1.10026,1.10111,1.09290,1.09592,308568.7188
09.08.2023 03:00:00.000 GMT+0300,1.09592,1.09953,1.09552,1.09771,275670.625
10.08.2023 03:00:00.000 GMT+0300,1.09771,1.10650,1.09673,1.09815,358179.6875
11.08.2023 03:00:00.000 GMT+0300,1.09815,1.10049,1.09429,1.09433,295037.1563
12.08.2023 03:00:00.000 GMT+0300,1.09433,1.09433,1.09433,1.09433,0
13.08.2023 03:00:00.000 GMT+0300,1.09493,1.09517,1.09401,1.09432,6858.71
14.08.2023 03:00:00.000 GMT+0300,1.09431,1.09600,1.08747,1.09077,301227.4688
15.08.2023 03:00:00.000 GMT+0300,1.09076,1.09524,1.08969,1.09038,338767.4688
16.08.2023 03:00:00.000 GMT+0300,1.09038,1.09345,1.08714,1.08743,306112.4063
17.08.2023 03:00:00.000 GMT+0300,1.08744,1.09180,1.08563,1.08743,247696.4063
18.08.2023 03:00:00.000 GMT+0300,1.08742,1.08938,1.08450,1.08678,281368.6875
19.08.2023 03:00:00.000 GMT+0300,1.08678,1.08678,1.08678,1.08678,0
20.08.2023 03:00:00.000 GMT+0300,1.08672,1.08785,1.08664,1.08749,7350.9502
21.08.2023 03:00:00.000 GMT+0300,1.08747,1.09136,1.08695,1.08975,246257.7031
22.08.2023 03:00:00.000 GMT+0300,1.08974,1.09303,1.08329,1.08464,238743.4531
23.08.2023 03:00:00.000 GMT+0300,1.08465,1.08713,1.08025,1.08654,302015.5
24.08.2023 03:00:00.000 GMT+0300,1.08655,1.08764,1.07928,1.07990,259027
25.08.2023 03:00:00.000 GMT+0300,1.07989,1.08417,1.07658,1.07906,279186.6875
26.08.2023 03:00:00.000 GMT+0300,1.07906,1.07906,1.07906,1.07906,0
27.08.2023 03:00:00.000 GMT+0300,1.07957,1.08010,1.07933,1.07968,8922.9697
28.08.2023 03:00:00.000 GMT+0300,1.07969,1.08298,1.07961,1.08255,187948.6406
29.08.2023 03:00:00.000 GMT+0300,1.08255,1.08919,1.07822,1.08691,276132.6563
30.08.2023 03:00:00.000 GMT+0300,1.08691,1.09454,1.08551,1.09294,306989.625
31.08.2023 03:00:00.000 GMT+0300,1.09292,1.09394,1.08347,1.08424,277059
01.09.2023 03:00:00.000 GMT+0300,1.08422,1.08819,1.07716,1.07717,290722.5938
02.09.2023 03:00:00.000 GMT+0300,1.07717,1.07717,1.07717,1.07717,0
03.09.2023 03:00:00.000 GMT+0300,1.07748,1.07815,1.07716,1.07756,5037.46
04.09.2023 03:00:00.000 GMT+0300,1.07758,1.08087,1.07731,1.07913,125170.5234
05.09.2023 03:00:00.000 GMT+0300,1.07912,1.07982,1.07062,1.07244,284976.0938
06.09.2023 03:00:00.000 GMT+0300,1.07246,1.07488,1.07025,1.07238,272315.1875
07.09.2023 03:00:00.000 GMT+0300,1.07238,1.07317,1.06861,1.06973,220591.5469
08.09.2023 03:00:00.000 GMT+0300,1.06975,1.07438,1.06941,1.06974,249996.4531
09.09.2023 03:00:00.000 GMT+0300,1.06974,1.06974,1.06974,1.06974,0
10.09.2023 03:00:00.000 GMT+0300,1.07147,1.07204,1.07075,1.07162,10922.3799
11.09.2023 03:00:00.000 GMT+0300,1.07165,1.07593,1.07099,1.07476,222001.2344
12.09.2023 03:00:00.000 GMT+0300,1.07476,1.07692,1.07055,1.07531,224377.7344
13.09.2023 03:00:00.000 GMT+0300,1.07530,1.07648,1.07110,1.07327,303261.8438
14.09.2023 03:00:00.000 GMT+0300,1.07327,1.07521,1.06318,1.06350,319678.1875
15.09.2023 03:00:00.000 GMT+0300,1.06349,1.06877,1.06332,1.06576,253386.8906
16.09.2023 03:00:00.000 GMT+0300,1.06576,1.06576,1.06576,1.06576,0
17.09.2023 03:00:00.000 GMT+0300,1.06588,1.06690,1.06578,1.06679,5661.0801
18.09.2023 03:00:00.000 GMT+0300,1.06680,1.06986,1.06546,1.06919,192605.8281
19.09.2023 03:00:00.000 GMT+0300,1.06918,1.07180,1.06746,1.06813,193391.0938
20.09.2023 03:00:00.000 GMT+0300,1.06814,1.07368,1.06478,1.06498,281368.5625
21.09.2023 03:00:00.000 GMT+0300,1.06498,1.06734,1.06167,1.06603,312974.1875
22.09.2023 03:00:00.000 GMT+0300,1.06603,1.06716,1.06150,1.06419,262651.2188
23.09.2023 03:00:00.000 GMT+0300,1.06419,1.06419,1.06419,1.06419,0
24.09.2023 03:00:00.000 GMT+0300,1.06513,1.06518,1.06424,1.06482,7854.3799
25.09.2023 03:00:00.000 GMT+0300,1.06482,1.06555,1.05753,1.05912,224163.2031
26.09.2023 03:00:00.000 GMT+0300,1.05912,1.06090,1.05620,1.05691,237552.0625
27.09.2023 03:00:00.000 GMT+0300,1.05691,1.05740,1.04880,1.05052,299983.875
28.09.2023 03:00:00.000 GMT+0300,1.05053,1.05788,1.04910,1.05621,344744.6875
29.09.2023 03:00:00.000 GMT+0300,1.05622,1.06169,1.05579,1.05694,313679.6563
30.09.2023 03:00:00.000 GMT+0300,1.05694,1.05694,1.05694,1.05694,0
01.10.2023 03:00:00.000 GMT+0300,1.05672,1.05721,1.05578,1.05640,12294.2803
02.10.2023 03:00:00.000 GMT+0300,1.05641,1.05919,1.04752,1.04798,288263.7813
03.10.2023 03:00:00.000 GMT+0300,1.04798,1.04933,1.04483,1.04686,318485.1875
04.10.2023 03:00:00.000 GMT+0300,1.04684,1.05321,1.04514,1.05069,333178.3125
05.10.2023 03:00:00.000 GMT+0300,1.05068,1.05518,1.05000,1.05462,296469.625
06.10.2023 03:00:00.000 GMT+0300,1.05463,1.05999,1.04824,1.05828,379225.9688
07.10.2023 03:00:00.000 GMT+0300,1.05828,1.05828,1.05828,1.05828,0
08.10.2023 03:00:00.000 GMT+0300,1.05529,1.05682,1.05494,1.05661,12822.0098
09.10.2023 03:00:00.000 GMT+0300,1.05662,1.05796,1.05194,1.05786,235006.2344
10.10.2023 03:00:00.000 GMT+0300,1.05788,1.06198,1.05542,1.06042,374356.25
11.10.2023 03:00:00.000 GMT+0300,1.06043,1.06346,1.05806,1.06234,326301.6563
12.10.2023 03:00:00.000 GMT+0300,1.06234,1.06397,1.05257,1.05355,290358.8438
13.10.2023 03:00:00.000 GMT+0300,1.05358,1.05584,1.04954,1.05073,301277.4063
14.10.2023 03:00:00.000 GMT+0300,1.05073,1.05073,1.05073,1.05073,0
15.10.2023 03:00:00.000 GMT+0300,1.05083,1.05253,1.05025,1.05220,12664.0596
16.10.2023 03:00:00.000 GMT+0300,1.05221,1.05627,1.05156,1.05543,220112.375
17.10.2023 03:00:00.000 GMT+0300,1.05543,1.05948,1.05328,1.05727,281288.7188
18.10.2023 03:00:00.000 GMT+0300,1.05726,1.05941,1.05231,1.05379,288211.5
19.10.2023 03:00:00.000 GMT+0300,1.05381,1.06163,1.05282,1.05863,362883.1563
20.10.2023 03:00:00.000 GMT+0300,1.05862,1.06035,1.05649,1.05927,263167.9375
21.10.2023 03:00:00.000 GMT+0300,1.05927,1.05927,1.05927,1.05927,0
22.10.2023 03:00:00.000 GMT+0300,1.05950,1.05968,1.05883,1.05896,8350.3701
23.10.2023 03:00:00.000 GMT+0300,1.05893,1.06779,1.05714,1.06698,268384.3125
24.10.2023 03:00:00.000 GMT+0300,1.06699,1.06942,1.05830,1.05949,270309.125
25.10.2023 03:00:00.000 GMT+0300,1.05952,1.06067,1.05601,1.05661,247538.9063
26.10.2023 03:00:00.000 GMT+0300,1.05661,1.05691,1.05221,1.05638,287134.7813
27.10.2023 03:00:00.000 GMT+0300,1.05637,1.05970,1.05354,1.05605,215605.2344
28.10.2023 03:00:00.000 GMT+0300,1.05605,1.05605,1.05605,1.05605,0
29.10.2023 03:00:00.000 GMT+0300,1.05644,1.05749,1.05588,1.05618,7605.1802
30.10.2023 03:00:00.000 GMT+0300,1.05618,1.06250,1.05471,1.06138,228351.2188
31.10.2023 03:00:00.000 GMT+0300,1.06139,1.06748,1.05574,1.05780,318746.875
01.11.2023 03:00:00.000 GMT+0300,1.05778,1.05867,1.05167,1.05866,374997.1563
02.11.2023 03:00:00.000 GMT+0300,1.05866,1.06675,1.05837,1.06155,285187.1563
03.11.2023 03:00:00.000 GMT+0300,1.06158,1.07467,1.06146,1.07295,277715.4688
04.11.2023 03:00:00.000 GMT+0300,1.07295,1.07295,1.07295,1.07295,0
05.11.2023 03:00:00.000 GMT+0300,1.07232,1.07334,1.07207,1.07313,3880.1399
06.11.2023 03:00:00.000 GMT+0300,1.07316,1.07562,1.07149,1.07182,206932.1875
07.11.2023 03:00:00.000 GMT+0300,1.07184,1.07193,1.06640,1.06956,244627.9063
08.11.2023 03:00:00.000 GMT+0300,1.06956,1.07160,1.06593,1.07112,228082.4375
09.11.2023 03:00:00.000 GMT+0300,1.07113,1.07254,1.06601,1.06669,278652.375
10.11.2023 03:00:00.000 GMT+0300,1.06671,1.06927,1.06560,1.06848,223192.0469
11.11.2023 03:00:00.000 GMT+0300,1.06848,1.06848,1.06848,1.06848,0
12.11.2023 03:00:00.000 GMT+0300,1.06818,1.06906,1.06799,1.06905,5575.71
13.11.2023 03:00:00.000 GMT+0300,1.06902,1.07061,1.06650,1.07012,184355.6875
14.11.2023 03:00:00.000 GMT+0300,1.07013,1.08875,1.06928,1.08777,298120.4063
15.11.2023 03:00:00.000 GMT+0300,1.08776,1.08858,1.08315,1.08541,276391.7813
16.11.2023 03:00:00.000 GMT+0300,1.08542,1.08955,1.08300,1.08529,261803.1563
17.11.2023 03:00:00.000 GMT+0300,1.08530,1.09148,1.08247,1.09138,256575.6094
18.11.2023 03:00:00.000 GMT+0300,1.09138,1.09138,1.09138,1.09138,0
19.11.2023 03:00:00.000 GMT+0300,1.09095,1.09110,1.09054,1.09055,6802.8501
20.11.2023 03:00:00.000 GMT+0300,1.09054,1.09517,1.08974,1.09446,229176.875
21.11.2023 03:00:00.000 GMT+0300,1.09447,1.09651,1.09001,1.09169,266621.2188
22.11.2023 03:00:00.000 GMT+0300,1.09170,1.09229,1.08522,1.08878,290509.2188
23.11.2023 03:00:00.000 GMT+0300,1.08880,1.09303,1.08870,1.09038,158985.8438
24.11.2023 03:00:00.000 GMT+0300,1.09037,1.09486,1.08949,1.09341,176773.2656
25.11.2023 03:00:00.000 GMT+0300,1.09341,1.09341,1.09341,1.09341,0
26.11.2023 03:00:00.000 GMT+0300,1.09438,1.09474,1.09384,1.09396,4636
27.11.2023 03:00:00.000 GMT+0300,1.09397,1.09592,1.09251,1.09589,246260.5938
28.11.2023 03:00:00.000 GMT+0300,1.09589,1.10088,1.09344,1.10039,294814.3125
29.11.2023 03:00:00.000 GMT+0300,1.10041,1.10171,1.09601,1.09732,317981.375
30.11.2023 03:00:00.000 GMT+0300,1.09731,1.09838,1.08794,1.08916,339794.75
01.12.2023 03:00:00.000 GMT+0300,1.08917,1.09127,1.08287,1.08788,340589.6875
02.12.2023 03:00:00.000 GMT+0300,1.08788,1.08788,1.08788,1.08788,0
03.12.2023 03:00:00.000 GMT+0300,1.08771,1.08948,1.08766,1.08857,14945.9297
04.12.2023 03:00:00.000 GMT+0300,1.08858,1.08865,1.08040,1.08373,306548.7813
05.12.2023 03:00:00.000 GMT+0300,1.08373,1.08474,1.07781,1.07932,336612.9688
06.12.2023 03:00:00.000 GMT+0300,1.07933,1.08047,1.07586,1.07661,269724.0938
07.12.2023 03:00:00.000 GMT+0300,1.07664,1.08175,1.07552,1.07895,351043.25
08.12.2023 03:00:00.000 GMT+0300,1.07896,1.08005,1.07236,1.07592,364118.0313
09.12.2023 03:00:00.000 GMT+0300,1.07592,1.07592,1.07592,1.07592,0
10.12.2023 03:00:00.000 GMT+0300,1.07592,1.07676,1.07556,1.07651,3853.29
11.12.2023 03:00:00.000 GMT+0300,1.07653,1.07789,1.07415,1.07653,234562.125
12.12.2023 03:00:00.000 GMT+0300,1.07653,1.08279,1.07612,1.07982,278615.875
13.12.2023 03:00:00.000 GMT+0300,1.07983,1.08965,1.07731,1.08825,340496.25
14.12.2023 03:00:00.000 GMT+0300,1.08826,1.10092,1.08791,1.09932,482539.5625
15.12.2023 03:00:00.000 GMT+0300,1.09934,1.10036,1.08885,1.08922,358983.125
16.12.2023 03:00:00.000 GMT+0300,1.08922,1.08922,1.08922,1.08922,0
17.12.2023 03:00:00.000 GMT+0300,1.08973,1.08980,1.08920,1.08948,6411.2202
18.12.2023 03:00:00.000 GMT+0300,1.08948,1.09311,1.08939,1.09231,246913.625
19.12.2023 03:00:00.000 GMT+0300,1.09231,1.09873,1.09148,1.09792,282074.8125
20.12.2023 03:00:00.000 GMT+0300,1.09793,1.09793,1.09298,1.09432,263444.4375
21.12.2023 03:00:00.000 GMT+0300,1.09433,1.10125,1.09352,1.10056,349869.5938
22.12.2023 03:00:00.000 GMT+0300,1.10057,1.10401,1.09938,1.10135,348653.4063
23.12.2023 03:00:00.000 GMT+0300,1.10135,1.10135,1.10135,1.10135,0
24.12.2023 03:00:00.000 GMT+0300,1.10108,1.10159,1.10108,1.10149,94.5
25.12.2023 03:00:00.000 GMT+0300,1.10149,1.10230,1.09933,1.10186,7792.98
26.12.2023 03:00:00.000 GMT+0300,1.10187,1.10450,1.10085,1.10422,182196.2969
27.12.2023 03:00:00.000 GMT+0300,1.10422,1.11226,1.10286,1.11082,208841.1875
28.12.2023 03:00:00.000 GMT+0300,1.11081,1.11394,1.10552,1.10677,272568.5938
29.12.2023 03:00:00.000 GMT+0300,1.10678,1.10842,1.10339,1.10374,293551.4375
30.12.2023 03:00:00.000 GMT+0300,1.10374,1.10374,1.10374,1.10374,0
31.12.2023 03:00:00.000 GMT+0300,1.10374,1.10374,1.10374,1.10374,0
01.01.2024 03:00:00.000 GMT+0300,1.10427,1.10447,1.10356,1.10365,3923.96
02.01.2024 03:00:00.000 GMT+0300,1.10366,1.10432,1.09375,1.09416,277225.32019999996
03.01.2024 03:00:00.000 GMT+0300,1.09416,1.09654,1.08929,1.09258,327367.4491
04.01.2024 03:00:00.000 GMT+0300,1.09259,1.09721,1.09160,1.09462,281486.6496
05.01.2024 03:00:00.000 GMT+0300,1.09461,1.09984,1.08767,1.09392,356942.4523
06.01.2024 03:00:00.000 GMT+0300,1.09392,1.09392,1.09392,1.09392,0
07.01.2024 03:00:00.000 GMT+0300,1.09386,1.09456,1.09349,1.09415,4674.3701
08.01.2024 03:00:00.000 GMT+0300,1.09413,1.09788,1.09226,1.09497,252675.19900000002
09.01.2024 03:00:00.000 GMT+0300,1.09497,1.09663,1.09103,1.09317,275837.01080000005
10.01.2024 03:00:00.000 GMT+0300,1.09316,1.09747,1.09228,1.09740,257606.652
11.01.2024 03:00:00.000 GMT+0300,1.09742,1.10000,1.09302,1.09824,419645.9457
12.01.2024 03:00:00.000 GMT+0300,1.09823,1.09868,1.09359,1.09483,308572.6066
13.01.2024 03:00:00.000 GMT+0300,1.09483,1.09483,1.09483,1.09483,0
14.01.2024 03:00:00.000 GMT+0300,1.09480,1.09502,1.09440,1.09451,5573.3398
15.01.2024 03:00:00.000 GMT+0300,1.09451,1.09675,1.09335,1.09449,200078.9688
16.01.2024 03:00:00.000 GMT+0300,1.09447,1.09461,1.08620,1.08784,397047.0203
17.01.2024 03:00:00.000 GMT+0300,1.08786,1.08860,1.08445,1.08860,342285.1316000001
18.01.2024 03:00:00.000 GMT+0300,1.08861,1.09067,1.08466,1.08799,365222.90400000004
19.01.2024 03:00:00.000 GMT+0300,1.08800,1.08983,1.08656,1.08960,258487.7033
20.01.2024 03:00:00.000 GMT+0300,1.08960,1.08960,1.08960,1.08960,0
21.01.2024 03:00:00.000 GMT+0300,1.08906,1.08976,1.08878,1.08920,5146
22.01.2024 03:00:00.000 GMT+0300,1.08920,1.09094,1.08768,1.08772,233830.13999999998
23.01.2024 03:00:00.000 GMT+0300,1.08776,1.09162,1.08215,1.08572,278337.1821
24.01.2024 03:00:00.000 GMT+0300,1.08573,1.09323,1.08514,1.08810,357244.501
25.01.2024 03:00:00.000 GMT+0300,1.08811,1.09018,1.08216,1.08454,364079.333
26.01.2024 03:00:00.000 GMT+0300,1.08455,1.08854,1.08128,1.08504,288642.45940000005
27.01.2024 03:00:00.000 GMT+0300,1.08504,1.08504,1.08504,1.08504,0
28.01.2024 03:00:00.000 GMT+0300,1.08468,1.08490,1.08414,1.08422,11513.1299
29.01.2024 03:00:00.000 GMT+0300,1.08423,1.08500,1.07958,1.08336,221235.7973
30.01.2024 03:00:00.000 GMT+0300,1.08336,1.08573,1.08119,1.08428,289288.9393999999
31.01.2024 03:00:00.000 GMT+0300,1.08429,1.08874,1.07949,1.08039,444658.9406
01.02.2024 03:00:00.000 GMT+0300,1.08039,1.08761,1.07799,1.08742,420186.1600000004
02.02.2024 03:00:00.000 GMT+0300,1.08741,1.08974,1.07804,1.07849,341685.4795999995
03.02.2024 03:00:00.000 GMT+0300,1.07849,1.07849,1.07849,1.07849,0
04.02.2024 03:00:00.000 GMT+0300,1.07854,1.07858,1.07698,1.07796,10488.329999999998
05.02.2024 03:00:00.000 GMT+0300,1.07796,1.07861,1.07231,1.07410,269536.1800000003
06.02.2024 03:00:00.000 GMT+0300,1.07409,1.07623,1.07225,1.07566,284149.05000000016
07.02.2024 03:00:00.000 GMT+0300,1.07569,1.07838,1.07556,1.07754,288848.3198999997
08.02.2024 03:00:00.000 GMT+0300,1.07754,1.07889,1.07416,1.07776,255929.22000000015
09.02.2024 03:00:00.000 GMT+0300,1.07775,1.07951,1.07621,1.07821,262254.08010000037
10.02.2024 03:00:00.000 GMT+0300,1.07821,1.07821,1.07821,1.07821,0
11.02.2024 03:00:00.000 GMT+0300,1.07767,1.07983,1.07766,1.07979,12133.989999999998
12.02.2024 03:00:00.000 GMT+0300,1.07980,1.08055,1.07559,1.07717,197293.68000000017
13.02.2024 03:00:00.000 GMT+0300,1.07718,1.07985,1.07005,1.07083,294618.1003000001
14.02.2024 03:00:00.000 GMT+0300,1.07083,1.07344,1.06949,1.07319,257117.2599000001
15.02.2024 03:00:00.000 GMT+0300,1.07321,1.07847,1.07246,1.07726,300766.8000000001
16.02.2024 03:00:00.000 GMT+0300,1.07726,1.07874,1.07319,1.07749,261144.0699999999
17.02.2024 03:00:00.000 GMT+0300,1.07749,1.07749,1.07749,1.07749,0